<?xml version="1.0" encoding="utf-8" standalone="yes" ?>
<rss version="2.0" xmlns:atom="http://www.w3.org/2005/Atom">
  <channel>
    <title>Posts on Ante</title>
    <link>localhost:1313/posts/</link>
    <description>Recent content in Posts on Ante</description>
    <generator>Hugo -- gohugo.io</generator>
    <language>en-us</language>
    <lastBuildDate>Tue, 14 Nov 2017 17:45:18 -0500</lastBuildDate>
    
	<atom:link href="localhost:1313/posts/index.xml" rel="self" type="application/rss+xml" />
    
    
    <item>
      <title>My First Post</title>
      <link>localhost:1313/posts/first-post/</link>
      <pubDate>Tue, 14 Nov 2017 17:45:18 -0500</pubDate>
      
      <guid>localhost:1313/posts/first-post/</guid>
      <description>Types in Ante take the form [A-Z][A-Za-z_]*</description>
    </item>
    
  </channel>
</rss>